<?xml version="1.0" encoding="UTF-8"?>
<project-private xmlns="http://www.netbeans.org/ns/project-private/1">
    <editor-bookmarks xmlns="http://www.netbeans.org/ns/editor-bookmarks/2" lastBookmarkId="0"/>
    <open-files xmlns="http://www.netbeans.org/ns/projectui-open-files/2">
        <group>
            <file>file:/C:/Users/gm17abt/Downloads/AgeOfEmpireGUI/src/empiresage/EmpiresAge.java</file>
            <file>file:/C:/Users/gm17abt/Downloads/AgeOfEmpireGUI/src/empiresage/Player.java</file>
            <file>file:/C:/Users/gm17abt/Downloads/AgeOfEmpireGUI/src/ageofempiresgui/AgeOfEmpiresGUI.java</file>
        </group>
    </open-files>
</project-private>
